0,
apr.lib(apr_misc.o),apr
apr.lib(apr_lock.o),apr
apr.lib(dalaprqdspfwk.o),apr
apr.lib(aprv2_ids.o),apr
apr.lib(apr_memq.o),apr
apr.lib(apr_memmgr.o),apr
apr.lib(aprtalsmd.o),apr
apr.lib(apr_event.o),apr
apr.lib(dalaprqdspinfo.o),apr
apr.lib(apr_main.o),apr
apr.lib(apr_list.o),apr
apr.lib(apr_atomic.o),apr
apr.lib(apr_thread.o),apr
apr.lib(aprv2_ipc.o),apr
apr.lib(apr_log.o),apr
apr.lib(aprv2_drv.o),apr
apr.lib(apr_objmgr.o),apr
apr.lib(dalaprqdsp.o),apr
cvp.lib(cvp_module.o),audio
CQEnsembleLib.lib(qensemble_asm.o),audio
AudppCmnLib.lib(mathlib.o),audio
DakAppi_stub.lib(dak_appi.o),audio
AudppCmnLib.lib(audio_delay.o),audio
CeAc3DecoderLib_stub.lib(CeAc3DecoderLib_stub.o),audio
AFESvc.lib(AFESidetoneIir.o),audio
afe_dal.lib(AFEOsal.o),audio
cvs.lib(cvs_module.o),audio
ComboPPAppi.lib(appi_combopp_utils.o),audio
EtsiFfrLib.lib(transcendent_enc.o),audio
CExciterLib.lib(qrumble.o),audio
amrCoreLib.lib(amrwbplus_hp_wsp_fx.o),audio
DownMixAppi.lib(appi_downmix.o),audio
EtsiFfrLib.lib(transcendent.o),audio
amrCoreLib.lib(amrwbplus_d_gain2_fx.o),audio
amrMathLib.lib(amrwbplus_util_stereo_x_fx.o),audio
amrCoreLib.lib(amrwbplus_lagconc_fx.o),audio
EansLib.lib(eans_block_util.o),audio
Ac3PacketizerLib.lib(ac3_packetizer.o),audio
amrCoreLib.lib(amrwbplus_p_med_ol_fx.o),audio
VorbisDecoderModule.lib(VorbisDecoderModule.o),audio
CSoftVolumeControlsLib.lib(apply_gain.o),audio
AudppCmnLib.lib(tuning_filter_fir_asm.o),audio
AFERtProxyDriver.lib(AFERtProxyDataMgr.o),audio
CSpectrumAnalyzerLib.lib(SpectrumAnalyzer.o),audio
AudioPostProcSvc.lib(audproc_util.o),audio
EtsiEaacPlusEncoderModule.lib(EtsiEaacPlusEncoderModule.o),audio
SbcEncoderModule.lib(SbcEncoderModule.o),audio
AudioStreamMgr.lib(AudioStreamMgr_AFEIf.o),audio
CReverbLib.lib(reverbmain.o),audio
AFEDalDriver.lib(AFEDalHdmiHelp.o),audio
AFEAudioIfDriver.lib(AFEVfrDriver.o),audio
EtsiAmrOpLib.lib(amrwbplus_math_op.o),audio
amrMathLib.lib(amrwbplus_rnd_ph16_fx.o),audio
AFEDeviceDriver.lib(AFEDeviceDriver.o),audio
CDownMix51to2Lib.lib(CDownMixLib.o),audio
CAdpcmDecoderModule.lib(CAdpcmDecoderModule.o),audio
mvm.lib(mvm_module.o),audio
amrMathLib.lib(amrwbplus_tables_plus_fx.o),audio
dml_hal.lib(DMLiteQueue.o),audio
amrMathLib.lib(amrwbplus_int_lpc_p_fx.o),audio
EansLib.lib(eans_ifft_asm.o),audio
CAc3DecoderLib_stub.lib(CAc3DecoderLib_stub.o),audio
EansLib.lib(eans_spec_util.o),audio
EansLib.lib(eans_proc_util.o),audio
CGenericResamplerLib.lib(down_by_n.o),audio
amrCoreLib.lib(amrwbplus_util_fx.o),audio
AFERtProxyDriver.lib(AFERtProxyDriver.o),audio
amrMathLib.lib(amrwbplus_over_fs_fx.o),audio
EansLib.lib(eans_complex_op.o),audio
DtmfGeneration.lib(dtmf_basic_op.o),audio
AFEDalDriver.lib(HALaudioif.o),audio
amrCoreLib.lib(amrwbplus_homing_fx.o),audio
EansLib.lib(eans_filter_bank.o),audio
amrCoreLib.lib(amrwbplus_isfextrp_fx.o),audio
amrCoreLib.lib(amrwbplus_deemph_fx.o),audio
amrCoreLib.lib(amrwbplus_pit_shrp_fx.o),audio
AFERivaDriver.lib(AFERivaDriver.o),audio
CDrcLib.lib(CDrcLib.o),audio
AFESvc.lib(AFEVfrHandler.o),audio
AFESvc.lib(AFEPortGetSetParams.o),audio
amrMathLib.lib(amrwbplus_q_gn_hf_fx.o),audio
amrMathLib.lib(amrwbplus_join_split_fx.o),audio
amrCoreLib.lib(amrwbplus_hp50_fx.o),audio
amrMathLib.lib(amrwbplus_re8_dec_fx.o),audio
amrMathLib.lib(amrwbplus_gaintcx_fx.o),audio
amrCoreLib.lib(amrwbplus_d2t64_fx.o),audio
amrCoreLib.lib(amrwbplus_residu_fx.o),audio
DtmfGeneration.lib(dtmf_tone_gen.o),audio
AFESvc.lib(AFEPortManager.o),audio
avtimer_driver.lib(avtimer_server.o),audio
AudppCmnLib.lib(fir_filter.o),audio
EtsiAmrWbPlusDecModule.lib(EtsiAmrWbPlusDecModule.o),audio
AFEAudioIfDriver.lib(AFEAudioIfDriver.o),audio
EansLib.lib(eans_basic_math.o),audio
EtsiFfrLib.lib(fft32.o),audio
EtsiOpLib.lib(etsi_aac_basicop2.o),audio
amrCoreLib.lib(amrwbplus_qpisf_2s_fx.o),audio
lpm_hal.lib(HAL_LPM.o),audio
amrCoreLib.lib(amrwbplus_dtx_fx.o),audio
AFESlimbusDriver.lib(AFESlimbusDriver.o),audio
SpectrumAnalyzerAppi.lib(appi_spa.o),audio
AFESlimbusDriver.lib(AFESlimbusSlaveCfg.o),audio
CAdpcmEncoderModule.lib(CAdpcmEncoderModule.o),audio
amrMathLib.lib(amrwbplus_util_plus_fx.o),audio
EansLib.lib(eans_fix.o),audio
EtsiAmrOpLib.lib(amrwbplus_oper_32b.o),audio
amrMathLib.lib(amrwbplus_ALF_emph_fx.o),audio
amrMathLib.lib(amrwbplus_tables_stereo_fx.o),audio
amrMathLib.lib(amrwbplus_r_fft_fx.o),audio
ComboPPAppi.lib(appi_combopp.o),audio
amrCoreLib.lib(amrwbplus_d4t64_fx.o),audio
cvd_utils.lib(cvd_shmem.o),audio
AFEDalDriver.lib(AFEDalDeviceDriver.o),audio
amrCoreLib.lib(amrwbplus_syn_filt_fx.o),audio
EansLib.lib(eans_basic_vad.o),audio
amrMathLib.lib(amrwbplus_re8_ppv_fx.o),audio
amrCoreLib.lib(amrwbplus_hp7k_fx.o),audio
common_hal.lib(common.o),audio
AudppCmnLib.lib(audio_buffer.o),audio
EtsiFfrLib.lib(etsi_aac_inv_dit_fft_8pt.o),audio
amrCoreLib.lib(amrwbplus_int_lpc_fx.o),audio
AFESvc.lib(AFEThreadPool.o),audio
amrCoreLib.lib(amrwbplus_dec_main_fx.o),audio
amrMathLib.lib(amrwbplus_Re8_dic_fx.o),audio
amrCoreLib.lib(amrwbplus_decim54_fx.o),audio
CSoftVolumeControlsAppi.lib(appi_softvolumecontrols.o),audio
AudioStreamMgr.lib(AudioStreamMgr_SetEncDecParams.o),audio
EansLib.lib(eans_main.o),audio
amrCoreLib.lib(amrwbplus_ph_disp_fx.o),audio
CGenericResamplerLib.lib(CGenericResamplerLib.o),audio
QEnsembleAppi.lib(appi_qensemble.o),audio
amrCoreLib.lib(amrwbplus_q_pulse_fx.o),audio
AacMcDecoderModule.lib(AacMcDecoderModule.o),audio
EansLib.lib(eans_rfft.o),audio
QSynthModule.lib(QSynthModule.o),audio
amrMathLib.lib(amrwbplus_Re8_util_fx.o),audio
EtsiBitBuffLib.lib(etsi_aac_FFR_bitbuffer.o),audio
AudppCmnLib.lib(convert_linear.o),audio
GainAppi.lib(appi_gain.o),audio
amrCoreLib.lib(amrwbplus_if_rom_fx.o),audio
lpm_hal.lib(LPM.o),audio
AFESvc.lib(AFEPortAprHandler.o),audio
MidiHW.lib(HALmidihw.o),audio
amrCoreLib.lib(amrwbplus_isp_isf_fx.o),audio
EtsiFfrLib.lib(ffr_add_MantExp.o),audio
afe_dal.lib(AFEDalHdmiHelp.o),audio
CReverbLib.lib(reverbproc.o),audio
amrCoreLib.lib(amrwbplus_pred_lt4_fx.o),audio
avtimer_driver.lib(avtimer_hal.o),audio
EansLib.lib(eans_ols.o),audio
EansLib.lib(eans_swb_fb.o),audio
amrCoreLib.lib(amrwbplus_qisf_ns_fx.o),audio
PbeAppi.lib(appi_pbe.o),audio
amrCoreLib.lib(amrwbplus_agc2_fx.o),audio
AudppCmnLib.lib(audio_filter.o),audio
CExciterLib.lib(qsizzle.o),audio
amrCoreLib.lib(amrwbplus_preemph_fx.o),audio
AFEAudioIfDriver.lib(AFEDriverHdmi.o),audio
amrMathLib.lib(amrwbplus_fft3_fx.o),audio
CReverbLib.lib(reverb_tables.o),audio
GenericResamplerAppi.lib(appi_genericresampler.o),audio
amrCoreLib.lib(amrwbplus_voicefac_fx.o),audio
AFEAudioIfDriver.lib(AFEAudioIfVfrDriver.o),audio
WmaStdDecoderModule.lib(WmaStdDecoderModule.o),audio
amrCoreLib.lib(amrwbplus_scale_fx.o),audio
CEqualizerLib.lib(CEqualizerLib.o),audio
CLimiterLib.lib(CLimiterLib.o),audio
AfeLimiterLib.lib(AfeLimiter_asm.o),audio
Mp3DecoderModule.lib(Mp3DecoderModule.o),audio
EtsiFfrLib.lib(vector.o),audio
amrCoreLib.lib(amrwbplus_hp400_fx.o),audio
AFESvc.lib(AFELoggingUtils.o),audio
CQConcertPlusLib.lib(CQConcertPlusLib.o),audio
EtsiFfrLib.lib(scaledFft16.o),audio
IIRAppiCommon.lib(appi_iir_common.o),audio
WmaProDecoderModule.lib(WmaProDecoderModule.o),audio
dml_hal.lib(DMLite.o),audio
afe_dal.lib(AFEDalDeviceDriver.o),audio
EtsiOpLib.lib(etsi_aac_oper_32b.o),audio
CDtmfGeneratorLib.lib(CDtmfGeneratorLib.o),audio
GenericResamplerAppi.lib(appi_genericresampler_utils.o),audio
amrCoreLib.lib(amrwbplus_hp6k_fx.o),audio
EansLib.lib(eans_rfft_asm.o),audio
amrCoreLib.lib(amrwbplus_random_fx.o),audio
CSoftVolumeControlsAppi.lib(appi_softvolumecontrols_utils.o),audio
CMBDRCLib.lib(CMBDrcLib.o),audio
AFESvc.lib(AFESvcAprIf.o),audio
amrMathLib.lib(amrwbplus_fft9_fx.o),audio
AacDecoderModule.lib(AacDecoderModule.o),audio
afe_hal.lib(HALaudioif.o),audio
EansLib.lib(eans_basic_util.o),audio
MultiBandIIRAppi.lib(appi_multibandiir.o),audio
PbeAppi.lib(appi_pbe_utils.o),audio
amrMathLib.lib(amrwbplus_hf_func_fx.o),audio
AudppCmnLib.lib(filterDesign.o),audio
amrMathLib.lib(amrwbplus_overs12k8_fx.o),audio
AFEDalDriver.lib(AFEOsal.o),audio
EtsiFfrLib.lib(scaledFft32.o),audio
EtsiAmrOpLib.lib(amrwbplus_basicop2.o),audio
EtsiFfrLib.lib(etsi_aac_dsp_fft32x32s.o),audio
AudppCmnLib.lib(iir_Biquad_df1_io.o),audio
EansLib.lib(eans_swb_ns.o),audio
EansLib.lib(eans_fir_filter_asm.o),audio
AudppCmnLib.lib(buffer_converter.o),audio
AfeLimiterLib.lib(AfeLimiterLib.o),audio
avtimer_driver.lib(avtimer_client.o),audio
CMultiBandIIRLib.lib(CMultiBandIIRLib.o),audio
AudppCmnLib.lib(converter_state.o),audio
AudppCmnLib.lib(util.o),audio
MBDRCAppi.lib(appi_mbdrc.o),audio
EtsiAmrOpLib.lib(amrwbplus_log2.o),audio
CQEnsembleLib.lib(qensembleLib.o),audio
amrCoreLib.lib(amrwbplus_weight_a_fx.o),audio
AFESvc.lib(AFEDevService.o),audio
DownMixAppi.lib(appi_downmix_utils.o),audio
CSpectrumAnalyzerLib.lib(rfft.o),audio
vocsvc.lib(vocsvc.o),audio
CAigLib.lib(CAigLib.o),audio
AudppCmnLib.lib(audio_panner.o),audio
dml_hal.lib(HALdmlite.o),audio
EansAppi.lib(appi_eans.o),audio
AFESlimbusDriver.lib(AFESlimbusDriverUtils.o),audio
CSoftVolumeControlsLib.lib(softvolumecontrols.o),audio
EansLib.lib(eans_basic_op.o),audio
amrMathLib.lib(amrwbplus_q_isf_hf_fx.o),audio
AudppCmnLib.lib(iir_Biquad_df1_16.o),audio
CTMTxLib.lib(ctmtx_iir_filt3.o),audio
CAigLib.lib(CAigLib_asm.o),audio
amrCoreLib.lib(amrwbplus_isp_az_fx.o),audio
AFESvc.lib(AFEPortHandlers.o),audio
AFESlimbusDriver.lib(AFESlimbusTimerUtils.o),audio
FlacDecoderModule.lib(FlacDecoderModule.o),audio
CGenericResamplerLib.lib(up_sampler.o),audio
corebsp_sleep.lib(sleep_config.o),corebsp
corebsp_sps.lib(HALbam.o),corebsp
smem.lib(smsm_dal.o),corebsp
corebsp_sps.lib(HALbamTarget.o),corebsp
corebsp_rpm.lib(RPMMessageRAMTarget.o),corebsp
corebsp_rpm.lib(DalRPMFwk.o),corebsp
corebsp_rpm.lib(DalRPM_CollapseFuncs.o),corebsp
diag.lib(diagpkt.o),corebsp
smem.lib(spinlock.o),corebsp
corebsp_sps.lib(DalSpsFwk.o),corebsp
corebsp_ulog.lib(ULogFrontRealTime.o),corebsp
smem.lib(smem_ext.o),corebsp
corebsp_npa.lib(npa_plugins.o),corebsp
corebsp_spm.lib(HALspmPlatform.o),corebsp
dsm.lib(dsm_queue.o),corebsp
corebsp_npa.lib(npa_log.o),corebsp
corebsp_sleep.lib(PRSMList.o),corebsp
corebsp_ulog.lib(ULogCoreFull.o),corebsp
corebsp_rpm.lib(DalRPM_Trigger.o),corebsp
corebsp_slimbus.lib(DalSlimBusInfo.o),corebsp
corebsp_sps.lib(DalSpsMap.o),corebsp
dsm.lib(dsm_pool.o),corebsp
corebsp_spm.lib(BSPspm_v2.o),corebsp
chipinfo.lib(DalChipInfoFwk.o),corebsp
corebsp_icbarb.lib(icbarb_fabrictarget.o),corebsp
corebsp_npa.lib(npa_remote_protocol.o),corebsp
corebsp_npa.lib(npa_remote_resource.o),corebsp
corebsp_sleep.lib(lpr_definition_cpu_vdd.o),corebsp
diag.lib(diaglog.o),corebsp
corebsp_spm.lib(BSPspm.o),corebsp
diag.lib(diagcomm_io_sio.o),corebsp
diag.lib(diagdsm.o),corebsp
corebsp_sleep.lib(CLprRegistry.o),corebsp
smsm.lib(smsm.o),corebsp
sio.lib(sio_wrapper.o),corebsp
smsm.lib(smsm_dal.o),corebsp
dsm.lib(dsm_lock.o),corebsp
corebsp_npa.lib(npa_list.o),corebsp
smd.lib(smd_dmov_stubs.o),corebsp
corebsp_mpm.lib(mpm_utils.o),corebsp
smd.lib(smd_qube.o),corebsp
corebsp_rpm.lib(DalRPMTargetCfg.o),corebsp
diag.lib(diagcomm_smd.o),corebsp
chipinfo.lib(DalChipInfoLocal.o),corebsp
diag.lib(event_api.o),corebsp
chipinfo.lib(DalChipInfo.o),corebsp
smem.lib(spinlock_qdsp6_qurt.o),corebsp
diag.lib(diagbuf.o),corebsp
smem.lib(smsm_qube.o),corebsp
corebsp_slimbus.lib(DalSlimBus.o),corebsp
corebsp_rpm.lib(RPMTargetRequests.o),corebsp
corebsp_icbarb.lib(icbarb.o),corebsp
diag.lib(log_arrays_i.o),corebsp
smd.lib(smd_target.o),corebsp
corebsp_sleep.lib(node_definition_cpu_vdd.o),corebsp
corebsp_npa.lib(npa_target_init.o),corebsp
diag.lib(diagmm.o),corebsp
smd.lib(smd_sio.o),corebsp
smd.lib(smd_main.o),corebsp
diag.lib(diagtask.o),corebsp
corebsp_rpm.lib(DalRPM_Multipart.o),corebsp
corebsp_npa.lib(npa_target_config.o),corebsp
corebsp_mpm_hal.lib(HALmpmPlatform.o),corebsp
hwrev.lib(HALhwrevPlatformV1.o),corebsp
corebsp_rpm.lib(DalRPM.o),corebsp
corebsp_sleep.lib(sleep_npa.o),corebsp
corebsp_putils.lib(CoreConfig.o),corebsp
corebsp_ulog.lib(ULogParsers.o),corebsp
smd.lib(smd_packet_memcpy.o),corebsp
diag.lib(log_api.o),corebsp
corebsp_sps.lib(DalSpsMem.o),corebsp
smem.lib(smem.o),corebsp
smem.lib(smsm.o),corebsp
corebsp_rpm.lib(DalRPM_Wire.o),corebsp
chipinfo.lib(DalChipInfoInfo.o),corebsp
diag.lib(diagcomm_ctrl.o),corebsp
smd.lib(smd_dsm.o),corebsp
corebsp_sleep.lib(CLprm.o),corebsp
corebsp_spm.lib(spm_platform.o),corebsp
err.lib(err_f3_trace.o),corebsp
corebsp_ulog.lib(ULogCoreInternal.o),corebsp
corebsp_icbarb.lib(icbarb_subnodetarget.o),corebsp
corebsp_rpm.lib(RPMMessageRAM.o),corebsp
osal.lib(osal_qurt.o),corebsp
corebsp_rpm.lib(DalRPM_PackageFuncs.o),corebsp
corebsp_icbarb.lib(icbarb_dalchipinfo.o),corebsp
corebsp_spm.lib(spm.o),corebsp
corebsp_putils.lib(CoreWorkQueue.o),corebsp
corebsp_sleep.lib(CLpr.o),corebsp
corebsp_sleep.lib(legacy_solver.o),corebsp
smd.lib(smd_multibyte_copy.o),corebsp
diag.lib(msg.o),corebsp
corebsp_ulog.lib(ULogCoreSmall.o),corebsp
hwrev.lib(HALhwrev.o),corebsp
libqcc.a(qdsp_fixunsdfsi.o),corebsp
smd.lib(smd_internal.o),corebsp
diag.lib(diagcomm_sio.o),corebsp
sio.lib(sio.o),corebsp
corebsp_sps.lib(DalSpsBsp.o),corebsp
corebsp_sleep.lib(sleep_client.o),corebsp
corebsp_sleep.lib(sleep_lpr.o),corebsp
corebsp_icbarb.lib(icbarb_subnode.o),corebsp
corebsp_npa.lib(npa_transaction.o),corebsp
corebsp_utils.lib(qw.o),corebsp
corebsp_rpm.lib(DalRPM_Transaction.o),corebsp
corebsp_sps.lib(DalSpsBam.o),corebsp
smd.lib(smd_lite_api.o),corebsp
smd.lib(smdl_profile_q6.o),corebsp
corebsp_slimbus.lib(DalSlimBusSat.o),corebsp
corebsp_spm.lib(HALspm.o),corebsp
corebsp_putils.lib(CoreWorkContainer.o),corebsp
corebsp_sps.lib(DalSpsSys.o),corebsp
smsm.lib(smsm_target.o),corebsp
corebsp_utils.lib(queue.o),corebsp
diag.lib(diag.o),corebsp
corebsp_rpm.lib(DalRPM_Notification.o),corebsp
corebsp_slimbus.lib(DalSlimBusMasterStubs.o),corebsp
diag.lib(diagcomm_io.o),corebsp
corebsp_rpm.lib(RPMUtil.o),corebsp
corebsp_sps.lib(HALbamDma.o),corebsp
dsm.lib(dsmi.o),corebsp
corebsp_utils.lib(memheap.o),corebsp
smd.lib(smd.o),corebsp
diag.lib(diagdiag_common.o),corebsp
dsm.lib(dsm.o),corebsp
corebsp_sps.lib(DalSpsRM.o),corebsp
corebsp_sps.lib(DalSpsConfig.o),corebsp
corebsp_sleep.lib(sleep_os.o),corebsp
corebsp_rpm.lib(BitTwiddle.o),corebsp
corebsp_rpm.lib(RPMInterruptMap.o),corebsp
smem.lib(spinlock_internal.o),corebsp
corebsp_slimbus.lib(HALsb.o),corebsp
corebsp_npa.lib(npa_remote_rpm_protocol.o),corebsp
corebsp_putils.lib(CoreIntrinsicsARM.o),corebsp
smem.lib(spinlock_cs.o),corebsp
smem.lib(smem_qube.o),corebsp
CPBELib.lib(CPBELib.o),corebsp
corebsp_putils.lib(CorePool.o),corebsp
corebsp_sleep.lib(sleep_solver.o),corebsp
corebsp_npa.lib(npa.o),corebsp
corebsp_sleep.lib(sleep_log.o),corebsp
smd.lib(smd_dsm_memcpy.o),corebsp
corebsp_utils.lib(crc.o),corebsp
smd.lib(smdl_echo.o),corebsp
diag.lib(diagstub.o),corebsp
corebsp_putils.lib(hwio.o),corebsp
diag.lib(event.o),corebsp
diag.lib(msg_api.o),corebsp
corebsp_sps.lib(DalSpsHeapMgr.o),corebsp
diag.lib(msg_arrays_i.o),corebsp
corebsp_rpm.lib(DalRPMInfo.o),corebsp
corebsp_icbarb.lib(icbarb_fabric.o),corebsp
smsm.lib(smsm_qube.o),corebsp
smd.lib(smd_block.o),corebsp
corebsp_sps.lib(DalSpsDma.o),corebsp
corebsp_sps.lib(DalSps.o),corebsp
corebsp_sps.lib(DalSpsClk.o),corebsp
smd.lib(smdl_sig.o),corebsp
corebsp_sleep.lib(sleep_list.o),corebsp
corebsp_rpm.lib(DalRPM_MQueue.o),corebsp
csr_hal.lib(HALcsr.o),corebsp
smem.lib(smem_log.o),corebsp
corebsp_sleep.lib(sleep_target.o),corebsp
lpasshwio_hal.lib(common.o),corebsp
smem.lib(smsm_target.o),corebsp
smd.lib(smd_memcpy.o),corebsp
smem.lib(spinlock_qdsp6.o),corebsp
dalrpcqurt.lib(dalremotecom.o),dal
dalsysqurt.lib(DALModEnv.o),dal
dalremotetestqurt.lib(DalRemoteTestFwk.o),dal
dalrpcqurt.lib(dalremotesmdl.o),dal
dalrpcqurt.lib(dalremotesmd.o),dal
dalintrctrlrqurt.lib(DALInterruptControllerFwk.o),dal
dalsysqurt.lib(DALSysCmn.o),dal
daltimerqurt.lib(DALTimerInfo.o),dal
dalsysqurt.lib(DALSysWorkLoopInt.o),dal
daltimerqurt.lib(DALTimerFwk.o),dal
dalremotetestqurt.lib(DalRemoteTestInfo.o),dal
dalconfigqurt.lib(DALConfig_dsp.o),dal
dalfw.lib(dal_asm_wrap.o),dal
DalVcodecStub.lib(DalVcodec_stub.o),dal
dalfw.lib(dalfwkbase.o),dal
daltimerqurt.lib(DALTimer.o),dal
dalsysqurt.lib(DALSysMem.o),dal
dalintrctrlrqurt.lib(DALInterruptControllerInfo.o),dal
dalsysqurt.lib(DALSysLogEvent.o),dal
dalintrctrlrqurt.lib(DALInterruptController.o),dal
dalsysqurt.lib(DALSysSync.o),dal
dalrpcqurt.lib(dalremote.o),dal
dalrpcqurt.lib(dallocal.o),dal
dalsysqurt.lib(DALSysInt.o),dal
dalfw.lib(DALFramework.o),dal
dalsysqurt.lib(DALSysWorkLoop.o),dal
dalsysqurt.lib(DALSysEvent.o),dal
dalconfigqurt.lib(DALModDir_dsp.o),dal
dalremotetestqurt.lib(DalRemoteTest.o),dal
dalsysqurt.lib(DALProps.o),dal
dalrpcqurt.lib(DALInterProcess.o),dal
EliteCmnUtils.lib(EliteLoggingUtils.o),elite
qurt_elite.lib(qurt_elite_bufmgr.o),elite
Ac3PacketizerLib.lib(ac3_packetizer_bitstream.o),elite
AudioStreamMgr.lib(AudioStreamMgr_DevIF.o),elite
AudioStreamMgr.lib(AudioStreamMgr_AprDataBase.o),elite
CPeakMeterLib.lib(CPeakMeterLib.o),elite
AFESvc.lib(AFEAvtDrift.o),elite
PeakMeterAppi.lib(appi_peakmeter.o),elite
Ac3PacketizerLib.lib(ac3_packetizer_parse.o),elite
qurt_elite.lib(qurt_elite_globalstate.o),elite
AudioPostProcSvc.lib(audproc_appi_init.o),elite
AudCmnLib.lib(log10.o),elite
AudioDecoderSvc.lib(AudioDecSvc_Util.o),elite
UltrasoundDecoderSvc.lib(UltrasoundDecSvc.o),elite
AudDevMgr.lib(AudDevMgr_AprIf.o),elite
AudCmnLib.lib(log2.o),elite
UltrasoundDecoderSvc.lib(UltrasoundDecSvc_Util.o),elite
EliteCmnUtils.lib(EliteMain.o),elite
AudioPostProcSvc.lib(audproc_fmthandler.o),elite
wdt.lib(wdt.o),elite
Hexos.lib(Hexos_Channel.o),elite
AudCmnLib.lib(clips.o),elite
Hexos.lib(Hexos_GlobalState.o),elite
ChanIIRAppi.lib(appi_chaniir.o),elite
CCapiEposStylusEncoderLib.lib(CCapiEposStylusEncoderLib.o),elite
afe_dal.lib(AFEDalDeviceDriverUtils.o),elite
AFEDeviceDriver.lib(AFEVfrDriver.o),elite
Hexos.lib(Hexos_MemoryMap.o),elite
AudioPostProcSvc.lib(audproc_state.o),elite
AudCmnLib.lib(divide_qx_asm.o),elite
EliteCmnUtils.lib(EliteMem.o),elite
AudCmnLib.lib(basic_op.o),elite
AudDevMgr.lib(AudDevMgr_CoppIf.o),elite
UltrasoundStreamMgr.lib(UltrasoundStreamMgr_SessionRespHandler.o),elite
AdspCoreSvc.lib(AdspCoreSvc.o),elite
qurt_elite.lib(qurt_elite_signal.o),elite
UltrasoundStreamMgr.lib(UltrasoundStreamMgr_SysAprCmdHandler.o),elite
Hexos.lib(Hexos_Memory.o),elite
AudioStreamMgr.lib(AudioStreamMgr_SessionRespHandler.o),elite
AudioDecoderSvc.lib(AudioDecSvc_DMLite.o),elite
StreamRouterSvc.lib(StreamRouterSvc.o),elite
Quartet.lib(Quartet.o),elite
qurt_elite.lib(qurt_elite_interrupt.o),elite
AudioPostProcSvc.lib(audproc_dak.o),elite
AudCmnLib.lib(Interleaver.o),elite
qurt_elite.lib(qurt_elite_queue.o),elite
qurt_elite.lib(qurt_elite_memorymap.o),elite
qurt_elite.lib(qurt_elite_channel.o),elite
Hexos.lib(Hexos_Interrupt.o),elite
UltrasoundStreamMgr.lib(UltrasoundStreamMgr_SessionCmdHandler.o),elite
AFESvc.lib(AFEMmpm.o),elite
AFERivaDriver.lib(AFERivaIpc.o),elite
Hexos.lib(Hexos_Timer.o),elite
AudioStreamMgr.lib(AudioStreamMgr_Util.o),elite
AudioPostProcSvc.lib(audproc_bufhandler.o),elite
AudCmnLib.lib(dc_block.o),elite
AdspCoreSvc.lib(AdspCoreSvc_PerfMon.o),elite
AFESvc.lib(AFECompressedDataHandler.o),elite
qurt_elite.lib(qurt_elite_thread.o),elite
UltrasoundStreamMgr.lib(UltrasoundStreamMgr_AprIf.o),elite
fini.o,elite
AudioStreamMgr.lib(AudioStreamMgr_Session.o),elite
AudioDecoderSvc.lib(AudioDecSvc.o),elite
qurt_elite.lib(qurt_elite_hptimer.o),elite
AudioStreamMgr.lib(AudioStreamMgr_AprIf.o),elite
AFESvc.lib(AFEUtils.o),elite
Hexos.lib(Hexos_Queue.o),elite
AudioPostProcSvc.lib(audproc_msghandler.o),elite
EliteCmnUtils.lib(EliteMsg_Util.o),elite
eAc3PacketizerLib.lib(eac3_packetizer.o),elite
wdt.lib(wdtMmpm.o),elite
eAc3PacketizerLib.lib(eac3_packetizer_tables.o),elite
Hexos.lib(Hexos_Thread.o),elite
AudioStreamMgr.lib(AudioStreamMgr.o),elite
AudioDecoderSvc.lib(AudioDecSvc_ChanMap.o),elite
avtimer_driver.lib(aud_sync_hal.o),elite
AudCmnLib.lib(exp10.o),elite
eAc3PacketizerLib.lib(eac3_packetizer_parse.o),elite
AudioStreamMgr.lib(AudioStreamMgr_mmpm.o),elite
AudCmnLib.lib(Interleaver_asm.o),elite
Ac3PacketizerLib.lib(ac3_packetizer_tables.o),elite
AudioEncoderSvc.lib(AudioEncSvc_Util.o),elite
AudioPostProcSvc.lib(audproc_appi_topo.o),elite
AFERivaDriver.lib(AFERivaAudSync.o),elite
UltrasoundStreamMgr.lib(UltrasoundStreamMgr.o),elite
AudioStreamMgr.lib(AudioStreamMgr_SessionCmdHandler.o),elite
Hexos.lib(Hexos_BufMgr.o),elite
AudioMatrixMixer.lib(MixerSvc_InPortHandler.o),elite
UltrasoundEncoderSvc.lib(UltrasoundEncSvc.o),elite
Hexos.lib(Hexos_HPTimer.o),elite
UltrasoundEncoderSvc.lib(UltrasoundEncSvc_Util.o),elite
EliteCmnUtils.lib(EliteMem_Util.o),elite
qurt_elite.lib(qurt_elite_timer.o),elite
AudCmnLib.lib(divide_qx.o),elite
CCapiFreeFormEncoderLib.lib(CCapiFreeFormEncoderLib.o),elite
CeAc3PacketizerLib.lib(CeAc3PacketizerLib.o),elite
AudDevMgr.lib(AudDevMgr_DataBase.o),elite
CAc3PacketizerLib.lib(CAc3PacketizerLib.o),elite
SwitchSvc.lib(SwitchSvc.o),elite
AudioStreamMgr.lib(AudioStreamMgr_SysAprCmdHandler.o),elite
cvd_utils.lib(cvd_utils.o),elite
qurt_elite.lib(qurt_elite_memory.o),elite
UltrasoundStreamMgr.lib(UltrasoundStreamMgr_AprDataBase.o),elite
UltrasoundStreamMgr.lib(UltrasoundStreamMgr_Session.o),elite
AudioMatrixMixer.lib(MixerSvc_MsgHandlers.o),elite
AudioPostProcSvc.lib(audproc_svc.o),elite
main.o,elite
AudioEncoderSvc.lib(AudioEncSvc.o),elite
AudDevMgr.lib(AudDevMgr.o),elite
Hexos.lib(Hexos_Signal.o),elite
AudioMatrixMixer.lib(MixerSvc.o),elite
AudioMatrixMixer.lib(MixerSvc_Util.o),elite
AudDevMgr.lib(AudDevMgr_MtMxIf.o),elite
EliteCmnUtils.lib(EliteSvc_Util.o),elite
AudioPostProcSvc.lib(audproc_paramhandler.o),elite
AudDevMgr.lib(AudDevMgr_AfeIf.o),elite
AudioMatrixMixer.lib(MixerSvc_OutPortHandler.o),elite
AmrNBVocoderLib.lib(amr_s10_8pf_c1035.o),elite_voice
VoiceProcRx.lib(VoiceProcRx.o),elite_voice
HrVocoderLib.lib(hr_v_con_asm.o),elite_voice
EfrVocoderLib.lib(efr_convolve_asm.o),elite_voice
AmrNBVocoderLib.lib(amr_syn_filt_asm.o),elite_voice
VoiceDec.lib(VoiceDec.o),elite_voice
AudDevMgr.lib(AudDevMgr_mmpm.o),elite_voice
VoiceProcTx.lib(VoiceProcTx.o),elite_voice
VoiceDevSvc.lib(VoiceDevSvc.o),elite_voice
AmrNBVocoderLib.lib(amr_search_3i40-4.o),elite_voice
VoiceProcTx.lib(Voice_FeFilters.o),elite_voice
HrVocoderLib.lib(hr_aflatRecursion_asm.o),elite_voice
AmrNBVocoderLib.lib(amr_residu_asm.o),elite_voice
CrossFade.lib(voice_cross_fade.o),elite_voice
EfrVocoderLib.lib(efr_cor_h_asm.o),elite_voice
VoiceEnc.lib(CComfortNoise.o),elite_voice
VoiceCmnUtils.lib(VoiceLoggingUtils.o),elite_voice
EfrVocoderLib.lib(efr_lag_max_asm.o),elite_voice
EfrVocoderLib.lib(efr_residu_asm.o),elite_voice
VoiceProcTx.lib(voice_multi_ch_circ_buf.o),elite_voice
VoiceSvc.lib(VoiceSvc.o),elite_voice
VoiceCmnUtils.lib(VoiceCmnUtils.o),elite_voice
HrVocoderLib.lib(hr_divide_s_asm.o),elite_voice
VoiceProcRx.lib(Voice_GainDepXFilter.o),elite_voice
VoiceProcRx.lib(Voice_EcRx.o),elite_voice
EfrVocoderLib.lib(efr_norm_corr_asm.o),elite_voice
HrVocoderLib.lib(hr_CGInterp_asm.o),elite_voice
EfrVocoderLib.lib(efr_search_10i40_asm.o),elite_voice
VoiceEnc.lib(VoiceEnc.o),elite_voice
VoiceProcTx.lib(Voice_HostPcm.o),elite_voice
AmrNBVocoderLib.lib(amr_norm_corr_asm.o),elite_voice
VoiceProcTx.lib(Voice_AvcTx.o),elite_voice
VoiceDec.lib(Voice_WideVoice.o),elite_voice
VoiceMatrixMixer.lib(VoiceMixerSvc.o),elite_voice
HrVocoderLib.lib(hr_openloop_asm.o),elite_voice
HrVocoderLib.lib(hr_decorr_asm.o),elite_voice
HrVocoderLib.lib(hr_lpcZsIir_asm.o),elite_voice
AmrNBVocoderLib.lib(amr_calc_cor_asm.o),elite_voice
AmrNBVocoderLib.lib(amr_search_4i40.o),elite_voice
HrVocoderLib.lib(hr_hnwFilt_asm.o),elite_voice
V13k.lib(v13k_openloop_asm.o),elite_voice
VoiceProcTx.lib(Voice_Aig.o),elite_voice
HrVocoderLib.lib(hr_lpcFilts_asm.o),elite_voice
EfrVocoderLib.lib(efr_syn_filt_asm.o),elite_voice
VoiceEnc.lib(Voice_CtmTx.o),elite_voice
EfrVocoderLib.lib(efr_autocorr_asm.o),elite_voice
VoiceProcRx.lib(Voice_Pbe.o),elite_voice
VoiceDec.lib(Voice_CtmRx.o),elite_voice
AmrNBVocoderLib.lib(amr_pred_lt_asm.o),elite_voice
AmrNBVocoderLib.lib(amr_convolve_asm.o),elite_voice
AmrNBVocoderLib.lib(amr_cfft_asm.o),elite_voice
AmrNBVocoderLib.lib(amr_cor_h.o),elite_voice
VoiceDec.lib(Voice_FNS.o),elite_voice
VoiceProcTx.lib(Voice_Fir.o),elite_voice
VoiceProcRx.lib(Voice_Mbdrc.o),elite_voice
VoiceProcRx.lib(Voice_CodecHpfRx.o),elite_voice
AmrNBVocoderLib.lib(amr_autocorr_asm.o),elite_voice
AmrNBVocoderLib.lib(amr_s10_8pf_c8_31.o),elite_voice
AmrNBVocoderLib.lib(amr_copy_asm.o),elite_voice
VoiceProcTx.lib(Voice_Drc.o),elite_voice
VoiceEnc.lib(Voice_DtmfGen.o),elite_voice
VoiceProcTx.lib(Voice_VolumeControl.o),elite_voice
VoiceProcTx.lib(Voice_Iir.o),elite_voice
AmrNBVocoderLib.lib(amr_cor_h_asm.o),elite_voice
VoiceProcRx.lib(Voice_IntQueue.o),elite_voice
HrVocoderLib.lib(hr_fp_ex_asm.o),elite_voice
VoiceCmnUtils.lib(Voice_DtmfDetect.o),elite_voice
VolumeControl.lib(gain_ramping_lib.o),elite_voice
VoiceProcTx.lib(Voice_Ecns.o),elite_voice
HrVocoderLib.lib(hr_v_srch_asm.o),elite_voice
VoiceProcTx.lib(Voice_SampleSlip.o),elite_voice
VoiceDec.lib(Voice_SlowTalk.o),elite_voice
VoiceTimer.lib(VoiceTimer.o),elite_voice
EfrVocoderLib.lib(efr_lag_max_core.o),elite_voice
VoiceProcRx.lib(Voice_AvcRx.o),elite_voice
clkregim.lib(clkrgm_lpass.o),mmpm
q6mmpm.lib(Q6MmpmResTbl.o),mmpm
q6mmpm.lib(Q6MmpmMgr.o),mmpm
q6mmpm.lib(Q6MmpmPowerDrv.o),mmpm
q6mmpm.lib(Q6MmpmPllDrv.o),mmpm
q6mmpm.lib(Q6MmpmLpass.o),mmpm
q6mmpm.lib(Q6MmpmXoDrv.o),mmpm
q6mmpm.lib(Q6MmpmInst.o),mmpm
avs_hal.lib(HALavs.o),mmpm
q6mmpm.lib(Q6MmpmQ6Drv.o),mmpm
q6mmpm.lib(Q6Mmpm.o),mmpm
q6mmpm.lib(Q6MmpmNpa.o),mmpm
q6mmpm.lib(Q6MmpmAhbDrv.o),mmpm
q6mmpm.lib(Q6MmpmMidiDrv.o),mmpm
libqurt.a(qurt_cycles_asm.o),new
libqurtkernel.a(handle.o),new
libqurt.a(qurt_anysignal_asm.o),new
AFESvc.lib(AFESpkrProt.o),NEW
rcevt.lib(rcevt.o),NEW
ReMoveClickLib.lib(rmc_main.o),NEW
libqurtkernel.a(err_hndlr.o),new
VoiceProcRx.lib(Vprx_Svc.o),NEW
libtimer.a(qurt_timer_init.o),new
VoiceFEFilters.lib(VoiceFEFilters.o),NEW
Evrc.lib(evrc_perm_aux_asm.o),new
SampleSlipAppi.lib(appi_sampleslip_utils.o),NEW
libqurtkernel.a(mmap.o),new
AudCmnLib.lib(byte_conversion.o),NEW
libqurt.a(qurt_sem.o),new
libqurt.a(sys_remove.o),new
libqurt.a(sys_ftell.o),new
smd.lib(smd_loopback_server_dsm.o),NEW
libqurt.a(sys_init.o),new
ADPCMDecoderModule.lib(ADPCMDecoderModule.o),NEW
libqurtkernel.a(mem_init.o),new
libqurt.a(qurt_cond.o),new
corebsp_npa.lib(npa_join.o),NEW
FFSpkrProt.lib(basic_math.o),NEW
V13k.lib(V13k.o),NEW
q6mmpm.lib(Q6MmpmResDefs.o),new
qurt_elite.lib(memory_wrappers.o),NEW
VoiceProcRx.lib(Vprx_Modules.o),NEW
libqurtkernel.a(scheduler_256.o),new
FourGV.lib(FourGV.o),NEW
libqurtkernel.a(vectors.o),new
libstd.lib(strlcat.o),NEW
libqurtkernel.a(errormsg.o),new
FFSpkrProt.lib(ffsp_hp_filtering.o),NEW
VoiceProcTx.lib(Vptx_Modules.o),NEW
libqurt.a(sys_time.o),new
SampleSlipAppi.lib(ss_calc.o),NEW
diag.lib(feature.o),NEW
libqurtkernel.a(trace.o),new
libqurtkernel.a(trace_asm.o),new
corebsp_putils.lib(CoreCondImpl.o),NEW
libqurtkernel.a(space.o),new
libqurtkernel.a(config.o),new
libqurt.a(qurt_pmu.o),new
libqurt.a(qurt_futex_c.o),new
FFSpkrProt.lib(ifft32x16_asm.o),NEW
libqurt.a(qurt_write.o),new
MultiStageIIRLib.lib(CMultiStageIIR.o),NEW
CPassthruFormatterLib.lib(CPassthruFormatterLib.o),NEW
libqurtkernel.a(tlb_ops.o),new
q6mmpm.lib(Q6MmpmPMICDrv.o),NEW
libqurt.a(qurt_cache.o),new
FrVocoderLib.lib(FrVocoderLib.o),NEW
libqurtkernel.a(interrupt.o),new
libqurtkernel.a(buf.o),new
libtimer.a(qurt_sclk.o),new
DolbyPulseDecoderModule.lib(DolbyPulseDecoderModule.o),NEW
G729ABLib.lib(G729ABLib.o),NEW
FFSpkrProt.lib(rifft32x16_asm.o),NEW
libtimer.a(qurt_timer_hw_asm.o),new
SampleSlipAppi.lib(appi_sampleslip.o),NEW
FFSpkrProt.lib(rfft32x16_asm.o),NEW
libqurt.a(qurt_tls.o),new
HpMp3DecoderModule.lib(HpMp3DecoderModule.o),NEW
libqurtkernel.a(heap.o),new
libqurtkernel.a(futex.o),new
libqurt.a(qurt_thread.o),new
libc.a(strcspn.o),NEW
libqurt.a(qurt_fastint.o),new
rcevt.lib(rcecb.o),NEW
libqurtkernel.a(memory.o),new
smd.lib(smd_loopback_server_memcpy.o),NEW
smd.lib(smd_loopback_server_lite.o),NEW
libqurtkernel.a(scheduler_asm_256.o),new
diag.lib(diagMmpm.o),new
Evrc.lib(Evrc.o),NEW
libc.a(strtok_r.o),NEW
libqurtkernel.a(cache_opt.o),new
libtimer.a(qurt_timer_server.o),new
CTMTxLib.lib(CTMTxLib.o),NEW
libqurt.a(sys_read.o),new
smd.lib(smd_loopback_server.o),NEW
CTMRxLib.lib(CTMRxLib.o),NEW
libqurtkernel.a(init.o),new
qurt_elite.lib(qurt_thread_wrappers.o),NEW
libqurt.a(sys_flen.o),new
libqurtkernel.a(init_asm.o),new
FFSpkrProt.lib(AfeSpkrProtLib.o),NEW
libqcc.a(qdsp_fixunssfsi.o),NEW
libqurt.a(sys_sbrk.o),new
ChannelMixerLib.lib(ChannelMixerLib.o),NEW
AudCmnLib.lib(iir_tdf2.o),NEW
VolumeControl.lib(VolumeControl.o),NEW
libqurt.a(sys_close.o),new
libqurtkernel.a(mutex.o),new
libqurtkernel.a(print.o),new
libqurt.a(qurt_anysignal.o),new
err.lib(err_inject_crash.o),NEW
corebsp_putils.lib(CoreCond.o),NEW
corebsp_sleep.lib(sleep_log_internal.o),NEW
G711Lib.lib(G711Lib.o),NEW
libqurt.a(sys_seek.o),new
FFSpkrProt.lib(fft32x16_asm.o),NEW
libc.a(fgets.o),NEW
CAACDecoderLib.lib(CAACDecoderLib.o),NEW
corebsp_putils.lib(CoreMutex.o),NEW
TTY.lib(TTY.o),NEW
Evrc.lib(evrc_search_2_pulses_asm.o),new
VoiceProcTx.lib(Vptx_Svc.o),NEW
ADPCMEncoderModule.lib(ADPCMEncoderModule.o),NEW
SrsTruMediaModule.lib(SrsTruMediaModule.o),NEW
ResampleBy2Lib.lib(ResampleBy2Lib.o),NEW
libqurtkernel.a(traptab.o),new
AdspCoreSvc.lib(AdspCoreSvc_LicenseStore.o),NEW
VoiceIIRFilter.lib(VoiceIIRFilter.o),NEW
libqurt.a(sys_mutex.o),new
FFSpkrProt.lib(ffsp_hard_limiter.o),NEW
G722Lib.lib(G722Lib.o),NEW
libqurt.a(qurt_alloc.o),new
FFSpkrProt.lib(ffsp_windowing.o),NEW
MultiStageIIRAppi.lib(appi_multistageiir.o),NEW
libc.a(strspn.o),NEW
libqurt.a(qurt_memory_syscall.o),new
MultiStageIIRAppi.lib(appi_multistageiir_utils.o),NEW
libqurt.a(qurt_exit.o),new
libqurtkernel.a(power.o),new
rcevt.lib(rcevt_qurt.o),NEW
libqurt.a(sys_open.o),new
libtimer.a(qurt_timer_client.o),new
libqurt.a(qurt_mutex.o),new
rcevt.lib(rcevt_dal.o),NEW
libqurtkernel.a(fastrings.o),new
PassthruFormatterLib.lib(passthru.o),NEW
libqurt.a(qurt_event.o),new
libqurtkernel.a(alloc.o),new
libqurt.a(qurt_int.o),new
libqurtkernel.a(pgtbl.o),new
CrossFade.lib(CrossFade.o),NEW
libqurtkernel.a(tlb.o),new
libqurt.a(qurt_power_asm.o),new
libqurtkernel.a(mem_console.o),new
libqurtkernel.a(futex_asm.o),new
libqurt.a(sys_write.o),new
SampleSlipAppi.lib(ss_process.o),NEW
FFSpkrProt.lib(process.o),NEW
libqurt.a(_exit.o),new
AudCmnLib.lib(audio_basic_op_ext.o),NEW
libqurt.a(qurt_pipe.o),new
Evrc.lib(evrc_compute_eda_gamma_asm.o),new
libqurt.a(qurt_power.o),new
ssr_hal.lib(LPASS_ssr.o),NEW
libqurtkernel.a(profile.o),new
ComfortNoise.lib(ComfortNoise.o),NEW
libqurt.a(qurt_thread_asm.o),new
HrVocoderLib.lib(HrVocoderLib.o),NEW
libtimer.a(qurt_timer_libs.o),new
err.lib(err.o),NEW
eAc3DecoderModule.lib(eAc3DecoderModule.o),NEW
AmrWBVocoderLib.lib(AmrWBVocoderLib.o),NEW
sys_m.lib(sys_m.o),NEW
libqurtkernel.a(thread.o),new
libqurt.a(qurt_memory.o),new
AFESlimbusDriver.lib(AfeSbUtil_asm.o),NEW
smd.lib(smd_loopback_n_way.o),NEW
libqurtkernel.a(power_asm.o),NEW
EfrVocoderLib.lib(EfrVocoderLib.o),NEW
mmstd.lib(mmstd.o),NEW
libqurt.a(qurt_prio.o),new
libqurt.a(qurt_rmutex_asm.o),new
libqurt.a(sys_morecore.o),new
libqurtkernel.a(switch.o),new
libqurtkernel.a(interrupt_asm.o),new
err.lib(err_nzi.o),NEW
libqurtkernel.a(do_angel.o),new
libqurt.a(qurt_futex.o),new
qurt_elite.lib(qurt_elite_std.o),NEW
ChannelMixerLib.lib(ChannelMixerMatrix.o),NEW
rcevt.lib(rcevt_internal.o),NEW
libqurtkernel.a(buf_asm.o),new
corebsp_putils.lib(CoreMutexImpl.o),NEW
libqurt.a(qurt_rmutex.o),new
libqurtkernel.a(cache_ops.o),new
libstd.lib(strlcpy.o),NEW
AmrNBVocoderLib.lib(AmrNBVocoderLib.o),NEW
libqurtkernel.a(obj_cache.o),new
libc.a(div.o),qurt
libc.a(xflog.o),qurt
libc.a(strstr.o),qurt
libqcc.a(qdsp_adddf3.o),qurt
libc.a(ldexpl.o),qurt
init.o,qurt
libqcc.a(qdsp_cmpdf2.o),qurt
libtimer.a(qTimerLibs.o),qurt
libc.a(fclose.o),qurt
libqcc.a(qdsp_floatunsisf.o),qurt
libqcc.a(qdsp_nedf2.o),qurt
libc.a(xfatan.o),qurt
libc.a(log.o),qurt
libc.a(xfdnorm.o),qurt
libc.a(memcpy.o),qurt
libc.a(xldtest.o),qurt
libqcc.a(qdsp_extendsfdf2.o),qurt
libqcc.a(qdsp_fixsfdi.o),qurt
libc.a(xwctomb.o),qurt
libc.a(strcat.o),qurt
libqcc.a(qdsp_negsf2.o),qurt
libc.a(strcmp.o),qurt
libc.a(xfquad.o),qurt
libc.a(xldscale.o),qurt
libqube_compat.a(qube.o),qurt
libc.a(xfiles.o),qurt
libc.a,qurt
libc.a(fmodf.o),qurt
libc.a(atan2f.o),qurt
libc.a(xdunscal.o),qurt
libstdc++.a(xpers.o),qurt
libc.a(localeco.o),qurt
libc.a(xfdscale.o),qurt
libc.a(sprintf.o),qurt
libc.a(putchar.o),qurt
libc.a(xdtest.o),qurt
libqcc.a(qdsp_divdi3.o),qurt
libc.a(frexp.o),qurt
libc.a(xatexit.o),qurt
libqcc.a(qdsp_cmpsf2.o),qurt
libc.a(xprintf.o),qurt
libc.a(write.o),qurt
libc.a(ldexpf.o),qurt
libqcc.a(qdsp_divsf3.o),qurt
libc.a(xfspos.o),qurt
libc.a(abort.o),qurt
libc.a(xputfld.o),qurt
libc.a(xstate.o),qurt
libc.a(ferror.o),qurt
libc.a(xexp.o),qurt
libc.a(free.o),qurt
libc.a(fmemcpy.o),qurt
libc.a(xfoprep.o),qurt
libc.a(xfwprep.o),qurt
libc.a(raise.o),qurt
libqcc.a(qdsp_gedf2.o),qurt
libqcc.a(qdsp_floatsidf.o),qurt
libqcc.a(qdsp_ltsf2.o),qurt
libqcc.a(qdsp_floatunsidf.o),qurt
libc.a(xlog.o),qurt
libstdc++.a(exceptio.o),qurt
libc.a(errno.o),qurt
libc.a(xsyslock.o),qurt
libc.a(xsin.o),qurt
libstdc++.a(xthrowobj.o),qurt
libc.a(xldtob.o),qurt
libstdc++.a(newop.o),qurt
libqcc.a,qurt
libqcc.a(qdsp_divdf3.o),qurt
libc.a(xlitob.o),qurt
libqcc.a(qdsp_eqdf2.o),qurt
libqcc.a(qdsp_divsi3.o),qurt
libc.a(xquad.o),qurt
libstdc++.a(new.o),qurt
libc.a(xferaise.o),qurt
libc.a(fopen.o),qurt
libqcc.a(qdsp_udivdi3.o),qurt
libc.a(pow.o),qurt
libc.a(xmt.o),qurt
libc.a(memcmp.o),qurt
libc.a(xmbtowc.o),qurt
libstdc++.a(xraise.o),qurt
libc.a(xctype.o),qurt
libstdc++.a(xthrow.o),qurt
libc.a(xprec.o),qurt
libc.a(xvalues.o),qurt
libstdc++.a(xmatch.o),qurt
libc.a(abs.o),qurt
libqcc.a(qdsp_floatsisf.o),qurt
libc.a(xfgpos.o),qurt
libc.a(strchr.o),qurt
libc.a(xfprec.o),qurt
libc.a(fmod.o),qurt
libstdc++.a(raisehan.o),qurt
libc.a(fseek.o),qurt
libc.a(realloc.o),qurt
libc.a(vsnprint.o),qurt
libqcc.a(qdsp_udivsi3.o),qurt
libc.a(xfofind.o),qurt
libqcc.a(qdsp_truncdfsf2.o),qurt
libc.a(xputstr.o),qurt
libqcc.a(qdsp_negdf2.o),qurt
libc.a(xdscale.o),qurt
libc.a(strncmp.o),qurt
libqcc.a(qdsp_lesf2.o),qurt
libc.a(strncpy.o),qurt
libc.a(read.o),qurt
libc.a(strlen.o),qurt
libtimer.a(qTimerServer.o),qurt
libtimer.a(qTimerHw_asm.o),qurt
libqcc.a(qdsp_ledf2.o),qurt
libc.a(xraise.o),qurt
libc.a(xfopen.o),qurt
libqcc.a(qdsp_ltdf2.o),qurt
libqcc.a(qdsp_addsf3.o),qurt
libc.a(ftell.o),qurt
libc.a(xdint.o),qurt
libqcc.a(qdsp_gesf2.o),qurt
libc.a(xgenld.o),qurt
libc.a(xldunsca.o),qurt
libqcc.a(qdsp_umoddi3.o),qurt
libqcc.a(common_entry_exit_abi2.o),qurt
libc.a(xregister.o),qurt
libc.a(xwcstate.o),qurt
libc.a(xldint.o),qurt
libc.a(rand.o),qurt
libqcc.a(qdsp_fixdfsi.o),qurt
libc.a(fclose1.o),qurt
libc.a(malloc.o),qurt
libc.a(floorf.o),qurt
libc.a(memset.o),qurt
libc.a(xfvalues.o),qurt
libc.a(xfloat.o),qurt
libc.a(printf.o),qurt
libc.a(xgetmem.o),qurt
libstdc++.a(gccex.o),qurt
libqube_compat.a(qmsgq.o),qurt
libc.a(snprintf.o),qurt
libc.a(sqrtl.o),qurt
libqcc.a(qdsp_umodsi3.o),qurt
libc.a(xputtxt.o),qurt
libc.a(xdnorm.o),qurt
libc.a(exit1.o),qurt
libc.a(calloc.o),qurt
libc.a(xfdint.o),qurt
libc.a(memchr.o),qurt
libtimer.a(qTimerClient.o),qurt
libstdc++.a(delop.o),qurt
libc.a(exit.o),qurt
libc.a(time.o),qurt
libc.a(xfdunsca.o),qurt
libc.a(fflush.o),qurt
libc.a(sqrt.o),qurt
libstdc++.a(newaop.o),qurt
libc.a(lseek.o),qurt
libc.a(clock.o),qurt
libqcc.a(memcpy_likely_aligned.o),qurt
libqcc.a(qdsp_gtsf2.o),qurt
libqcc.a(qdsp_fixsfsi.o),qurt
libc.a(xvacopy.o),qurt
libc.a(fprintf.o),qurt
libc.a(fread.o),qurt
libc.a(exit2.o),qurt
libc.a(xfrprep.o),qurt
libc.a(remove.o),qurt
libc.a(vprintf.o),qurt
libqube_compat.a(qmsgq_callback.o),qurt
libc.a(rmemcpy.o),qurt
libqube_compat.a(qmemory_syscall.o),qurt
libc.a(fwrite.o),qurt
libc.a(sqrtf.o),qurt
libc.a(ldiv.o),qurt
libtimer.a(qTimerInit.o),qurt
libc.a(ldexp.o),qurt
libqcc.a(qdsp_modsi3.o),qurt
cust_config.o,qurt
libc.a(exp.o),qurt
libc.a(strrchr.o),qurt
libqube_compat.a(qmemory.o),qurt
libqube_compat.a(qmutex.o),qurt
libc.a(puts.o),qurt
libc.a(xlvalues.o),qurt
libqcc.a(qdsp_eqsf2.o),qurt
libc.a(xdata.o),qurt
libc.a(xfdtest.o),qurt
libc.a(signal.o),qurt
libc.a(close.o),qurt
libc.a(xassert.o),qurt
libqcc.a(qdsp_muldf3.o),qurt
libqcc.a(qdsp_mulff3.o),qurt
libqurt.a(qurt_exception_raise_nonfatal.o),qurt
libc.a(xlprec.o),qurt
libc.a(fputc.o),qurt
libc.a(fputs.o),qurt
libqube_compat.a(qmemory_asm.o),qurt
libqube_compat.a(qthread.o),qurt
libc.a(xtouptab.o),qurt
libc.a(memmove.o),qurt
libqcc.a(common_entry_exit_legacy.o),qurt
libc.a(xfsin.o),qurt
libc.a(open.o),qurt
libqcc.a(qdsp_nesf2.o),qurt
libc.a(strcpy.o),qurt
libqcc.a(qdsp_gtdf2.o),qurt
libc.a(setjmp.o),qurt
EfrVocoderLib.lib(efr_pre_proc.o),vocoder
Evrc.lib(evrc_cmn_ratecom.o),vocoder
AmrNBVocoderLib.lib(amr_oper_32b.o),vocoder
FourGV.lib(4gv_tables.o),vocoder
FourGV.lib(4gv_new_mode_fx.o),vocoder
AmrNBVocoderLib.lib(amr_cl_ltp.o),vocoder
Evrc.lib(evrc_decoder.o),vocoder
AmrWBVocoderLib.lib(amrwb_d_gain2.o),vocoder
FourGV.lib(4gv_declickframe.o),vocoder
FourGV.lib(4gv_calcmin.o),vocoder
EfrVocoderLib.lib(efr_vad.o),vocoder
G729ABLib.lib(g729a_dec_lag3.o),vocoder
AmrWBVocoderLib.lib(amrwb_bits.o),vocoder
FourGV.lib(4gv_celp_mdct_discriminator.o),vocoder
V13k.lib(pack_13.o),vocoder
FourGV.lib(4gv_wideband_encoder_fx.o),vocoder
AmrNBVocoderLib.lib(amr_qua_gain.o),vocoder
EfrVocoderLib.lib(efr_d_plsf_5.o),vocoder
EfrVocoderLib.lib(efr_log2.o),vocoder
G729ABLib.lib(g729a_bits.o),vocoder
EfrVocoderLib.lib(efr_agc.o),vocoder
G729ABLib.lib(g729a_gainpred.o),vocoder
HrVocoderLib.lib(hr_mathhalf.o),vocoder
HrVocoderLib.lib(hr_coder.o),vocoder
FourGV.lib(4gv_decode_wrapper_fx.o),vocoder
FourGV.lib(4gv_decode_fx.o),vocoder
AmrWBVocoderLib.lib(amrwb_lagconc.o),vocoder
HrVocoderLib.lib(hr_decoder.o),vocoder
FourGV.lib(4gv_lpcana.o),vocoder
EfrVocoderLib.lib(efr_residu.o),vocoder
AmrWBVocoderLib.lib(amrwb_gpclip.o),vocoder
V13k.lib(lpc_analysis_13k.o),vocoder
HrVocoderLib.lib(hr_e_homing.o),vocoder
Evrc.lib(evrc_pf.o),vocoder
G729ABLib.lib(g729a_qua_lsp.o),vocoder
AmrWBVocoderLib.lib(amrwb_g_pitch.o),vocoder
TTY.lib(tty_bit.o),vocoder
AmrNBVocoderLib.lib(amr_c1035pf.o),vocoder
G711Lib.lib(g711_tab.o),vocoder
FourGV.lib(4gv_rcelp_interpolation.o),vocoder
AmrWBVocoderLib.lib(amrwb_hp50.o),vocoder
G729ABLib.lib(g729a_qsidgain.o),vocoder
FourGV.lib(4gv_NoiseSynthesis_fx.o),vocoder
AmrWBVocoderLib.lib(amrwb_weight_a.o),vocoder
FourGV.lib(4gv_mdct.o),vocoder
AmrWBVocoderLib.lib(amrwb_qpisf_2s.o),vocoder
Evrc.lib(evrc_init.o),vocoder
AmrWBVocoderLib.lib(amrwb_residu_asm.o),vocoder
FourGV.lib(4gv_acelp_fx.o),vocoder
FrVocoderLib.lib(gsm_fr_oper_32b.o),vocoder
G722Lib.lib(g722_funcg722.o),vocoder
EfrVocoderLib.lib(efr_d1035pf.o),vocoder
FourGV.lib(4gv_fwd_smooth_fx.o),vocoder
TTY.lib(tty_dec.o),vocoder
EfrVocoderLib.lib(efr_reorder.o),vocoder
FourGV.lib(4gv_filt_fx.o),vocoder
V13k.lib(mathv13k.o),vocoder
EfrVocoderLib.lib(efr_pitch_f6.o),vocoder
AmrNBVocoderLib.lib(pred_lt.o),vocoder
FourGV.lib(4gv_silence_fx.o),vocoder
EfrVocoderLib.lib(efr_g_code.o),vocoder
G729ABLib.lib(g729a_pitch_a.o),vocoder
G729ABLib.lib(g729a_lspgetq.o),vocoder
Evrc.lib(evrc_acelp.o),vocoder
EfrVocoderLib.lib(efr_int_lpc.o),vocoder
FourGV.lib(4gv_MSencode_fx.o),vocoder
AmrWBVocoderLib.lib(amrwb_voicefac.o),vocoder
AmrWBVocoderLib.lib(amrwb_c2t64fx_asm.o),vocoder
AmrNBVocoderLib.lib(amr_d2_11pf.o),vocoder
Evrc.lib(evrc_lvb.o),vocoder
AmrWBVocoderLib.lib(amrwb_hp_wsp.o),vocoder
EfrVocoderLib.lib(efr_q_gains.o),vocoder
G722Lib.lib(g722_plc.o),vocoder
HrVocoderLib.lib(hr_sp_frm.o),vocoder
FourGV.lib(4gv_bkfir.o),vocoder
AmrWBVocoderLib.lib(amrwb_util_asm.o),vocoder
AmrNBVocoderLib.lib(amr_dtx_dec.o),vocoder
FrVocoderLib.lib(gsm_fr_decoder.o),vocoder
FourGV.lib(4gv_pz_filt.o),vocoder
AmrNBVocoderLib.lib(amr_calc_en.o),vocoder
FourGV.lib(4gv_lpcana_tab.o),vocoder
G729ABLib.lib(g729a_dec_sid.o),vocoder
V13k.lib(psearch13.o),vocoder
AmrNBVocoderLib.lib(amr_lpc.o),vocoder
Evrc.lib(evrc_8th.o),vocoder
FourGV.lib(4gv_hnwfilters_fx.o),vocoder
G729ABLib.lib(g729a_lpcfunc.o),vocoder
FourGV.lib(4gv_fplib_def_fx.o),vocoder
AmrNBVocoderLib.lib(amr_d1035pf.o),vocoder
FourGV.lib(4gv_rfft.o),vocoder
FourGV.lib(4gv_lsp_vq_fx.o),vocoder
FourGV.lib(4gv_agc_high_fx.o),vocoder
G711Lib.lib(g711_coder.o),vocoder
FourGV.lib(4gv_dtmf20ms.o),vocoder
G729ABLib.lib(g729a_tab_ld8a.o),vocoder
G722Lib.lib(g722_basop32.o),vocoder
FourGV.lib(4gv_mode_filt_coef.o),vocoder
AmrNBVocoderLib.lib(amr_pitch_fr.o),vocoder
FourGV.lib(4gv_vecmath.o),vocoder
FourGV.lib(4gv_packet.o),vocoder
HrVocoderLib.lib(hr_sp_enc.o),vocoder
AmrNBVocoderLib.lib(amr_hp_max.o),vocoder
G722Lib.lib(tables_g722.o),vocoder
FourGV.lib(4gv_UB_lsf_cb_fx.o),vocoder
EfrVocoderLib.lib(efr_sp_enc.o),vocoder
AmrNBVocoderLib.lib(amr_vad2.o),vocoder
AmrNBVocoderLib.lib(amr_reorder.o),vocoder
EfrVocoderLib.lib(efr_inter_6.o),vocoder
AmrNBVocoderLib.lib(amr_d2_9pf.o),vocoder
FourGV.lib(4gv_wbencparam.o),vocoder
FourGV.lib(4gv_bck_smooth_fx.o),vocoder
AmrWBVocoderLib.lib(amrwb_hp7k.o),vocoder
G729ABLib.lib(g729a_lspdec.o),vocoder
AmrNBVocoderLib.lib(amr_d3_14pf.o),vocoder
AmrNBVocoderLib.lib(amr_weight_a.o),vocoder
G729ABLib.lib(g729a_taming.o),vocoder
AmrNBVocoderLib.lib(amr_c8_31pf.o),vocoder
G729ABLib.lib(g729a_qsidlsf.o),vocoder
V13k.lib(pf_13k.o),vocoder
FourGV.lib(4gv_nelp_fx.o),vocoder
FourGV.lib(4gv_hnwinterpfilt.o),vocoder
G729ABLib.lib(g729a_PredLt3.o),vocoder
V13k.lib(dec13.o),vocoder
G711Lib.lib(g711_basic_op.o),vocoder
AmrWBVocoderLib.lib(amrwb_hp6k_asm.o),vocoder
TTY.lib(tty_gen.o),vocoder
AmrNBVocoderLib.lib(calc_cor.o),vocoder
AmrWBVocoderLib.lib(amrwb_p_med_ol.o),vocoder
FourGV.lib(4gv_UB_enc_fx.o),vocoder
EfrVocoderLib.lib(efr_d_homing.o),vocoder
AmrWBVocoderLib.lib(amrwb_oper_32b.o),vocoder
FourGV.lib(4gv_init.o),vocoder
AmrNBVocoderLib.lib(amr_gmed_n.o),vocoder
V13k.lib(residua_13k.o),vocoder
G711Lib.lib(g711_decoder.o),vocoder
AmrNBVocoderLib.lib(amr_d_plsf_3.o),vocoder
FrVocoderLib.lib(gsm_fr_encoder.o),vocoder
EfrVocoderLib.lib(efr_preemph.o),vocoder
AmrNBVocoderLib.lib(amr_inv_sqrt.o),vocoder
FourGV.lib(4gv_fndppf_fx.o),vocoder
AmrNBVocoderLib.lib(amr_mac_32.o),vocoder
AmrNBVocoderLib.lib(amr_ol_ltp.o),vocoder
TTY.lib(tty_char.o),vocoder
AmrNBVocoderLib.lib(amr_g_adapt.o),vocoder
AmrNBVocoderLib.lib(amr_dec_amr.o),vocoder
V13k.lib(mathcomn_13k.o),vocoder
AmrWBVocoderLib.lib(amrwb_syn_filt_asm.o),vocoder
AmrWBVocoderLib.lib(amrwb_decim54_asm.o),vocoder
Evrc.lib(evrc_unpack.o),vocoder
FourGV.lib(4gv_cod7_35_funcs.o),vocoder
AmrNBVocoderLib.lib(amr_sp_enc.o),vocoder
EfrVocoderLib.lib(efr_weight_a.o),vocoder
EfrVocoderLib.lib(efr_prm2bits.o),vocoder
FourGV.lib(4gv_bad_rate_fx.o),vocoder
AmrNBVocoderLib.lib(amr_ex_ctrl.o),vocoder
FourGV.lib(4gv_UB_unpack_dec_fx.o),vocoder
EfrVocoderLib.lib(efr_q_plsf_5.o),vocoder
AmrWBVocoderLib.lib(amrwb_autocorr_asm.o),vocoder
AmrNBVocoderLib.lib(amr_lag_wind.o),vocoder
AmrNBVocoderLib.lib(amr_p_ol_wgh.o),vocoder
FourGV.lib(4gv_cod3_10jcelp_fx.o),vocoder
G729ABLib.lib(g729a_util.o),vocoder
HrVocoderLib.lib(hr_dtx_enc.o),vocoder
AmrNBVocoderLib.lib(amr_lsp.o),vocoder
V13k.lib(stage_13k.o),vocoder
FourGV.lib(4gv_ppvq_fx.o),vocoder
FourGV.lib(4gv_vectors_fx.o),vocoder
FourGV.lib(4gv_ppp_fx.o),vocoder
FourGV.lib(4gv_music_mode_fx.o),vocoder
AmrNBVocoderLib.lib(amr_e_homing.o),vocoder
AmrWBVocoderLib.lib(amrwb_p_med_ol_asm.o),vocoder
G729ABLib.lib(g729a_postfilt.o),vocoder
AmrNBVocoderLib.lib(amr_d8_31pf.o),vocoder
AmrNBVocoderLib.lib(amr_spreproc.o),vocoder
G729ABLib.lib(g729a_lpc.o),vocoder
FourGV.lib(4gv_cfft.o),vocoder
FourGV.lib(4gv_celp_fx.o),vocoder
G729ABLib.lib(g729a_cod_ld8a.o),vocoder
AmrNBVocoderLib.lib(amr_log2.o),vocoder
EfrVocoderLib.lib(efr_az_lsp.o),vocoder
Evrc.lib(evrc_math.o),vocoder
EfrVocoderLib.lib(efr_copy.o),vocoder
AmrWBVocoderLib.lib(amrwb_c4t64fx_asm.o),vocoder
AmrWBVocoderLib.lib(amrwb_lag_wind.o),vocoder
AmrNBVocoderLib.lib(syn_filt.o),vocoder
AmrNBVocoderLib.lib(amr_autocorr.o),vocoder
FourGV.lib(4gv_dsp_math.o),vocoder
FourGV.lib(4gv_basic_op.o),vocoder
AmrNBVocoderLib.lib(amr_lsp_lsf.o),vocoder
FourGV.lib(4gv_WI_funcs.o),vocoder
AmrNBVocoderLib.lib(amr_vad1.o),vocoder
EfrVocoderLib.lib(efr_inv_sqrt.o),vocoder
AmrWBVocoderLib.lib(amrwb_math_op.o),vocoder
TimeWarpingLib.lib(TimeWarpingLib.o),vocoder
G729ABLib.lib(g729a_coder.o),vocoder
V13k.lib(tty13_enc.o),vocoder
TTY.lib(tty_basic_op40.o),vocoder
HrVocoderLib.lib(hr_lpc.o),vocoder
V13k.lib(log_13k.o),vocoder
AmrNBVocoderLib.lib(amr_az_lsp.o),vocoder
FourGV.lib(4gv_rcelp_tab.o),vocoder
FourGV.lib(4gv_genutils_lb_hb.o),vocoder
FourGV.lib(fourgv_enc_api.o),vocoder
EfrVocoderLib.lib(efr_sp_dec.o),vocoder
AmrNBVocoderLib.lib(amr_int_lpc.o),vocoder
FourGV.lib(4gv_pitchprefilter_fx.o),vocoder
AmrWBVocoderLib.lib(amrwb_basicop2.o),vocoder
G722Lib.lib(g722.o),vocoder
HrVocoderLib.lib(hr_d_homing.o),vocoder
FourGV.lib(4gv_cod7_35_fx.o),vocoder
AmrWBVocoderLib.lib(amrwb_pred_lt4_asm.o),vocoder
FourGV.lib(4gv_dtmf_glob.o),vocoder
FourGV.lib(4gv_filterbank_coef_fx.o),vocoder
AmrNBVocoderLib.lib(amr_dec_lag3.o),vocoder
AmrNBVocoderLib.lib(amr_int_lsf.o),vocoder
AmrWBVocoderLib.lib(amrwb_log2.o),vocoder
EfrVocoderLib.lib(efr_levinson.o),vocoder
Evrc.lib(evrc_cmn_filters.o),vocoder
G729ABLib.lib(g729a_p_parity.o),vocoder
AmrNBVocoderLib.lib(amr_d_plsf_5.o),vocoder
AmrWBVocoderLib.lib(amrwb_pit_shrp.o),vocoder
TTY.lib(tty_dit2a.o),vocoder
AmrNBVocoderLib.lib(amr_pitch_ol.o),vocoder
G729ABLib.lib(g729a_dspfunc.o),vocoder
TTY.lib(tty_enc.o),vocoder
FourGV.lib(4gv_dec3_10jcelp_fx.o),vocoder
EfrVocoderLib.lib(efr_cod_12k2.o),vocoder
HrVocoderLib.lib(hr_sp_dec.o),vocoder
AmrWBVocoderLib.lib(amrwb_random.o),vocoder
HrVocoderLib.lib(hr_dtx_dec.o),vocoder
HrVocoderLib.lib(hr_mathdp31.o),vocoder
AmrNBVocoderLib.lib(amr_g_code.o),vocoder
FourGV.lib(4gv_filt.o),vocoder
Evrc.lib(evrc_cmn_lpcmath.o),vocoder
Evrc.lib(evrc_pack.o),vocoder
FourGV.lib(4gv_log_envelope_1KHz_fx.o),vocoder
AmrWBVocoderLib.lib(amrwb_qisf_ns.o),vocoder
EfrVocoderLib.lib(efr_basicop2.o),vocoder
AmrWBVocoderLib.lib(amrwb_pitch_f4_asm.o),vocoder
FourGV.lib(4gv_gen_shaped_noise_fx.o),vocoder
EfrVocoderLib.lib(efr_syn_filt.o),vocoder
AmrNBVocoderLib.lib(amr_qgain475.o),vocoder
G711Lib.lib(g711_dtx.o),vocoder
AmrNBVocoderLib.lib(amr_amrsup.o),vocoder
FourGV.lib(4gv_WB_Erasure_processing_fx.o),vocoder
Evrc.lib(evrc_dec_acelp.o),vocoder
AmrNBVocoderLib.lib(amr_pstfilt.o),vocoder
FourGV.lib(4gv_corr_xh.o),vocoder
AmrWBVocoderLib.lib(amrwb_convolve_asm.o),vocoder
FourGV.lib(4gv_WBSmartBlanking_fx.o),vocoder
HrVocoderLib.lib(hr_err_conc.o),vocoder
Evrc.lib(evrc_tables.o),vocoder
AmrNBVocoderLib.lib(amr_q_plsf_5.o),vocoder
EfrVocoderLib.lib(efr_c1035pf.o),vocoder
FourGV.lib(4gv_dtmf_det.o),vocoder
G729ABLib.lib(g729a_dec_ld8a.o),vocoder
AmrNBVocoderLib.lib(amr_c4_17pf.o),vocoder
AmrNBVocoderLib.lib(amr_set_sign.o),vocoder
HrVocoderLib.lib(hr_vad.o),vocoder
AmrNBVocoderLib.lib(copy.o),vocoder
TTY.lib(tty_bdo2dit.o),vocoder
AmrWBVocoderLib.lib(amrwb_deemph_asm.o),vocoder
FourGV.lib(4gv_lpcutil.o),vocoder
AmrWBVocoderLib.lib(amrwb_wb_vad.o),vocoder
AmrWBVocoderLib.lib(amrwb_isfextrp_asm.o),vocoder
V13k.lib(ratecom_13k.o),vocoder
AmrWBVocoderLib.lib(amrwb_q_gain2.o),vocoder
FourGV.lib(4gv_encode_fx.o),vocoder
FrVocoderLib.lib(gsm_fr_basic_ops.o),vocoder
EfrVocoderLib.lib(efr_oper_32b.o),vocoder
FourGV.lib(4gv_lpc_utils_fx.o),vocoder
AmrNBVocoderLib.lib(amr_sp_dec.o),vocoder
AmrWBVocoderLib.lib(amrwb_cor_h_x_asm.o),vocoder
AmrNBVocoderLib.lib(amr_cod_amr.o),vocoder
AmrWBVocoderLib.lib(amrwb_decim54.o),vocoder
CVocoderCapiLib.lib(CDecoderCapiLib.o),vocoder
FourGV.lib(4gv_cos_tab.o),vocoder
FourGV.lib(4gv_declick_frame_fx.o),vocoder
AmrWBVocoderLib.lib(amrwb_int_lpc.o),vocoder
AmrNBVocoderLib.lib(amr_preemph.o),vocoder
AmrNBVocoderLib.lib(amr_gc_pred.o),vocoder
AmrNBVocoderLib.lib(amr_levinson.o),vocoder
HrVocoderLib.lib(hr_sp_rom.o),vocoder
AmrNBVocoderLib.lib(amr_spstproc.o),vocoder
AmrWBVocoderLib.lib(amrwb_dec_main_asm.o),vocoder
FourGV.lib(4gv_UB_gain_cb_fx.o),vocoder
AmrNBVocoderLib.lib(amr_ph_disp.o),vocoder
FourGV.lib(4gv_agc.o),vocoder
AmrWBVocoderLib.lib(amrwb_hp6k.o),vocoder
Evrc.lib(evrc_encoder.o),vocoder
AmrNBVocoderLib.lib(amr_d_plsf.o),vocoder
FourGV.lib(4gv_rcelp_fx.o),vocoder
AmrNBVocoderLib.lib(amr_lsfwt.o),vocoder
HrVocoderLib.lib(hr_host.o),vocoder
G711Lib.lib(g711_dec_cng.o),vocoder
G729ABLib.lib(g729a_filter.o),vocoder
EfrVocoderLib.lib(efr_tables.o),vocoder
FourGV.lib(4gv_check.o),vocoder
EfrVocoderLib.lib(efr_dtx_dec.o),vocoder
HrVocoderLib.lib(hr_sp_sfrm.o),vocoder
AmrWBVocoderLib.lib(amrwb_az_isp_asm.o),vocoder
AmrNBVocoderLib.lib(amr_gain_q.o),vocoder
AmrWBVocoderLib.lib(amrwb_scale_asm.o),vocoder
AmrNBVocoderLib.lib(amr_bits2prm.o),vocoder
FourGV.lib(4gv_Init_globs.o),vocoder
AmrNBVocoderLib.lib(amr_dec_gain.o),vocoder
G722Lib.lib(g722_oper_32b.o),vocoder
EfrVocoderLib.lib(efr_lag_wind.o),vocoder
V13k.lib(cbsch13.o),vocoder
AmrWBVocoderLib.lib(amrwb_amrsup.o),vocoder
AmrNBVocoderLib.lib(amr_r_fft.o),vocoder
AmrWBVocoderLib.lib(amrwb_isp_az.o),vocoder
AmrWBVocoderLib.lib(amrwb_q_pulse.o),vocoder
AmrNBVocoderLib.lib(amr_q_plsf.o),vocoder
FourGV.lib(4gv_nacfap_fx_asm.o),vocoder
FourGV.lib(4gv_pf_fx.o),vocoder
TTY.lib(tty_hdr.o),vocoder
EfrVocoderLib.lib(efr_dtx_enc.o),vocoder
FourGV.lib(4gv_filterbank.o),vocoder
AmrWBVocoderLib.lib(amrwb_lp_dec2.o),vocoder
AmrNBVocoderLib.lib(amr_sid_sync.o),vocoder
AmrNBVocoderLib.lib(amr_pre_proc.o),vocoder
EfrVocoderLib.lib(efr_pow2.o),vocoder
AmrNBVocoderLib.lib(amr_q_gain_c.o),vocoder
AmrNBVocoderLib.lib(residu.o),vocoder
TTY.lib(tty_state.o),vocoder
HrVocoderLib.lib(hr_dtx.o),vocoder
AmrWBVocoderLib.lib(amrwb_c4t64fx.o),vocoder
G729ABLib.lib(g729a_post_pro.o),vocoder
AmrNBVocoderLib.lib(amr_ec_gains.o),vocoder
FrVocoderLib.lib(gsm_fr_funcs.o),vocoder
AmrWBVocoderLib.lib(amrwb_qpisf_2s_asm.o),vocoder
Evrc.lib(evrc_fnddelay.o),vocoder
ResampleBy2Lib.lib(resample_by2.o),vocoder
AmrWBVocoderLib.lib(amrwb_d4t64fx.o),vocoder
AmrWBVocoderLib.lib(amrwb_agc2_asm.o),vocoder
AmrNBVocoderLib.lib(amr_sqrt_l.o),vocoder
G729ABLib.lib(g729a_vad.o),vocoder
AmrWBVocoderLib.lib(amrwb_autocorr.o),vocoder
AmrNBVocoderLib.lib(amrnb_tables.o),vocoder
FourGV.lib(4gv_jcelpconfig.o),vocoder
AmrNBVocoderLib.lib(amr_b_cn_cod.o),vocoder
G711Lib.lib(g711_run_avg.o),vocoder
AmrNBVocoderLib.lib(amr_lsp_az.o),vocoder
G711Lib.lib(g711_lpc.o),vocoder
AmrNBVocoderLib.lib(amr_s10_8pf.o),vocoder
AmrNBVocoderLib.lib(amr_lsp_avg.o),vocoder
EfrVocoderLib.lib(efr_convolve.o),vocoder
G711Lib.lib(g711_lowcfe.o),vocoder
AmrNBVocoderLib.lib(amr_d_gain_c.o),vocoder
AmrNBVocoderLib.lib(amr_c2_11pf.o),vocoder
FourGV.lib(4gv_encode_wrapper_fx.o),vocoder
AmrWBVocoderLib.lib(amrwb_isp_az_asm.o),vocoder
EfrVocoderLib.lib(efr_lsp_az.o),vocoder
Evrc.lib(evrc_rcelp.o),vocoder
FourGV.lib(4gv_filterbank_fx.o),vocoder
V13k.lib(quant13.o),vocoder
AmrWBVocoderLib.lib(amrwb_enc_api.o),vocoder
G722Lib.lib(g722_plc_tables.o),vocoder
G729ABLib.lib(g729a_dtx.o),vocoder
EfrVocoderLib.lib(efr_decoder.o),vocoder
FourGV.lib(4gv_div_inv_dp.o),vocoder
AmrNBVocoderLib.lib(qdsp6_basic_op.o),vocoder
AmrNBVocoderLib.lib(amr_enc_lag6.o),vocoder
FourGV.lib(4gv_dtmf_gen.o),vocoder
TTY.lib(tty_rate.o),vocoder
EfrVocoderLib.lib(efr_d_gains.o),vocoder
AmrNBVocoderLib.lib(amr_pow2.o),vocoder
AmrWBVocoderLib.lib(amrwb_hp400.o),vocoder
FourGV.lib(4gv_fer_fx.o),vocoder
AmrNBVocoderLib.lib(amr_d4_17pf.o),vocoder
FourGV.lib(4gv_uvgq_fx.o),vocoder
G729ABLib.lib(g729a_tab_dtx.o),vocoder
AmrWBVocoderLib.lib(amrwb_cod_main.o),vocoder
AmrWBVocoderLib.lib(amrwb_math_op_asm.o),vocoder
G711Lib.lib(g711_oper_32b.o),vocoder
FourGV.lib(fourgv_dec_api.o),vocoder
AmrNBVocoderLib.lib(amr_q_gain_p.o),vocoder
AmrNBVocoderLib.lib(amr_g_pitch.o),vocoder
EfrVocoderLib.lib(efr_pred_lt6.o),vocoder
AmrNBVocoderLib.lib(amr_c2_9pf.o),vocoder
TTY.lib(tty_tone_gen.o),vocoder
AmrNBVocoderLib.lib(amr_inter_36.o),vocoder
G729ABLib.lib(g729a_decoder.o),vocoder
FourGV.lib(4gv_rda_tab.o),vocoder
G711Lib.lib(g711_util.o),vocoder
FourGV.lib(4gv_msencode.o),vocoder
G711Lib.lib(g711_qsidgain.o),vocoder
G729ABLib.lib(g729a_basic_op.o),vocoder
EfrVocoderLib.lib(efr_dtx.o),vocoder
Evrc.lib(evrc_cmn_math.o),vocoder
AmrNBVocoderLib.lib(amr_d_homing.o),vocoder
Evrc.lib(evrc_cmn_tables.o),vocoder
FourGV.lib(4gv_dafpindex.o),vocoder
AmrWBVocoderLib.lib(amrwb_homing.o),vocoder
AmrWBVocoderLib.lib(amrwb_dec_api.o),vocoder
AmrNBVocoderLib.lib(amr_post_pro.o),vocoder
AmrWBVocoderLib.lib(amrwb_preemph.o),vocoder
FourGV.lib(4gv_ER_BWext_fx.o),vocoder
FourGV.lib(4gv_factorialpack.o),vocoder
AmrNBVocoderLib.lib(cor_h.o),vocoder
Evrc.lib(evrc_rate.o),vocoder
FourGV.lib(4gv_WI_tab.o),vocoder
EfrVocoderLib.lib(efr_autocorr.o),vocoder
AmrNBVocoderLib.lib(amr_set_zero.o),vocoder
V13k.lib(durbin_13k.o),vocoder
AmrWBVocoderLib.lib(amrwb_dec_main.o),vocoder
AmrWBVocoderLib.lib(amrwb_updt_tar_asm.o),vocoder
FourGV.lib(4gv_UB_analysis_windows_fx.o),vocoder
AmrWBVocoderLib.lib(amrwb_isp_isf.o),vocoder
AmrNBVocoderLib.lib(amr_cbsearch.o),vocoder
EfrVocoderLib.lib(efr_set_zero.o),vocoder
FourGV.lib(4gv_bigint_fix.o),vocoder
FrVocoderLib.lib(gsm_fr_vad.o),vocoder
FourGV.lib(4gv_cod7_35_fx_wb.o),vocoder
G729ABLib.lib(g729a_pre_process.o),vocoder
AmrWBVocoderLib.lib(amrwb_preemph_asm.o),vocoder
EfrVocoderLib.lib(efr_dec_12k2.o),vocoder
V13k.lib(v13k_tables.o),vocoder
AmrWBVocoderLib.lib(amrwb_az_isp.o),vocoder
G722Lib.lib(g722_enh1632.o),vocoder
FourGV.lib(4gv_div_sp.o),vocoder
FrVocoderLib.lib(gsm_fr_tables.o),vocoder
AmrWBVocoderLib.lib(amrwb_cod_main_asm.o),vocoder
FourGV.lib(4gv_factorial_pack_fx.o),vocoder
AmrNBVocoderLib.lib(amr_a_refl.o),vocoder
G729ABLib.lib(g729a_dec_gain.o),vocoder
EfrVocoderLib.lib(efr_encoder.o),vocoder
FourGV.lib(4gv_Quantize_WB_params_fx.o),vocoder
AmrNBVocoderLib.lib(amr_ton_stab.o),vocoder
AmrNBVocoderLib.lib(amr_enc_lag3.o),vocoder
FourGV.lib(4gv_SmartBlanking_fx.o),vocoder
EfrVocoderLib.lib(efr_lsp_lsf.o),vocoder
V13k.lib(init_13k.o),vocoder
AmrNBVocoderLib.lib(amr_dtx_enc.o),vocoder
Evrc.lib(evrc_lspquant.o),vocoder
FourGV.lib(4gv_voiced_fx.o),vocoder
G729ABLib.lib(g729a_cor_func.o),vocoder
AmrNBVocoderLib.lib(amr_dec_lag6.o),vocoder
AmrNBVocoderLib.lib(amr_qgain795.o),vocoder
AmrWBVocoderLib.lib(amrwb_d2t64fx.o),vocoder
EfrVocoderLib.lib(efr_dec_lag6.o),vocoder
G711Lib.lib(g711_pre_proc.o),vocoder
V13k.lib(recon13.o),vocoder
CVocoderCapiLib.lib(CEncoderCapiLib.o),vocoder
FourGV.lib(4gv_cod7_35_fx_nb.o),vocoder
EfrVocoderLib.lib(efr_e_homing.o),vocoder
AmrNBVocoderLib.lib(amr_c_g_aver.o),vocoder
EfrVocoderLib.lib(efr_pitch_ol.o),vocoder
FourGV.lib(4gv_goertzel.o),vocoder
AmrNBVocoderLib.lib(amr_q_plsf_3.o),vocoder
Evrc.lib(evrc_cmn_lvb.o),vocoder
G729ABLib.lib(g729a_qua_gain.o),vocoder
AmrNBVocoderLib.lib(amr_c3_14pf.o),vocoder
EfrVocoderLib.lib(efr_pstfilt2.o),vocoder
FourGV.lib(4gv_WI_fx.o),vocoder
AmrWBVocoderLib.lib(amrwb_dtx.o),vocoder
G729ABLib.lib(g729a_oper_32b.o),vocoder
G729ABLib.lib(g729a_de_acelp.o),vocoder
G729ABLib.lib(g729a_acelp_ca.o),vocoder
V13k.lib(enc13.o),vocoder
G729ABLib.lib(g729a_calcexc.o),vocoder
EfrVocoderLib.lib(efr_enc_lag6.o),vocoder
AmrWBVocoderLib.lib(amrwb_ph_disp.o),vocoder
V13k.lib(tty13_dec.o),vocoder
FourGV.lib(4gv_rda_fx.o),vocoder
AmrNBVocoderLib.lib(amr_pre_big.o),vocoder
FourGV.lib(4gv_lpcana_fx.o),vocoder
AmrNBVocoderLib.lib(amr_d_gain_p.o),vocoder
AmrNBVocoderLib.lib(amr_prm2bits.o),vocoder
FourGV.lib(4gv_uvgq_tables_fx.o),vocoder
FourGV.lib(4gv_preencode.o),vocoder
G711Lib.lib(g711_vad.o),vocoder
AmrNBVocoderLib.lib(convolve.o),vocoder
FourGV.lib(4gv_index_tbl.o),vocoder
FourGV.lib(4gv_fndppf.o),vocoder
AmrNBVocoderLib.lib(amr_bgnscd.o),vocoder
FourGV.lib(4gv_nacfap_fx.o),vocoder
EfrVocoderLib.lib(efr_g_pitch.o),vocoder
AmrWBVocoderLib.lib(amrwb_levinson.o),vocoder
V13k.lib(basic_op_13k.o),vocoder
V13k.lib(rate13k.o),vocoder
AmrNBVocoderLib.lib(amr_lflg_upd.o),vocoder
AmrNBVocoderLib.lib(amr_agc.o),vocoder
EfrVocoderLib.lib(efr_bits2prm.o),vocoder
CTMRxLib.lib(ctmrx_diag_deinterleaver.o),vocpp
VoiceFEFilters.lib(voice_fe_codec_filters.o),vocpp
Rve.lib(Rve.o),vocpp
AvcRx.lib(AvcRx.o),vocpp
CTMTxLib.lib(ctmtx_transmitter.o),vocpp
EchoCancellerLib.lib(EchoCancellerLib.o),vocpp
CTMTxLib.lib(ctmtx_baudot_functions.o),vocpp
VoiceFEFilters.lib(voide_fe_wb_combined_filter.o),vocpp
CTMRxLib.lib(ctmrx_baudot_functions.o),vocpp
ComfortNoise.lib(lvb_tables.o),vocpp
WideVoiceLib.lib(WideVoiceLib.o),vocpp
CTMTxLib.lib(ctmtx_conv_poly.o),vocpp
CTMRxLib.lib(ctmrx_conv_poly.o),vocpp
CTMRxLib.lib(ctmrx_m_sequence.o),vocpp
VolumeControl.lib(volctrl.o),vocpp
VoiceIIRFilter.lib(voice_iir_tdf2.o),vocpp
DtmfDetect.lib(DtmfDetect.o),vocpp
CTMTxLib.lib(ctmtx_fifo.o),vocpp
PcmFilterFir.lib,vocpp
FluenceLib.lib(FluenceLib.o),vocpp
FNS.lib(FNS.o),vocpp
CTMTxLib.lib(ctmtx_diag_interleaver.o),vocpp
SampleSlip.lib(SampleSlip.o),vocpp
ComfortNoise.lib(lvb_residual.o),vocpp
ComfortNoise.lib(lvb_log_fx.o),vocpp
CTMTxLib.lib(ctmtx_conv_encoder.o),vocpp
CTMTxLib.lib(ctmtx_sin_fip.o),vocpp
ComfortNoise.lib(lvb_lpc_analysis.o),vocpp
VoiceFEFilters.lib(voice_fe_elliptic_filter.o),vocpp
CTMRxLib.lib(ctmrx_fifo.o),vocpp
ComfortNoise.lib(lvb_init.o),vocpp
CTMTxLib.lib(ctmtx_init_interleaver.o),vocpp
CTMTxLib.lib(ctmtx_m_sequence.o),vocpp
CTMRxLib.lib(ctmrx_wait_for_sync.o),vocpp
CTMRxLib.lib(ctmrx_ucs_functions.o),vocpp
CTMRxLib.lib(ctmrx_tonedemod.o),vocpp
ComfortNoise.lib(lvb_main.o),vocpp
CTMRxLib.lib(ctmrx_receiver.o),vocpp
ComfortNoise.lib(lvb_math.o),vocpp
ComfortNoise.lib(lvb_rate.o),vocpp
ComfortNoise.lib(lvb_ratecom.o),vocpp
ComfortNoise.lib(cng_main.o),vocpp
CTMRxLib.lib(ctmrx_sin_fip.o),vocpp
CTMTxLib.lib(ctmtx_ucs_functions.o),vocpp
CTMRxLib.lib(ctmrx_init_deinterleaver.o),vocpp
CTMTxLib.lib(ctmtx_tonemod.o),vocpp
AvcTx.lib(AvcTx.o),vocpp
SlowTalk.lib(SlowTalk.o),vocpp
ComfortNoise.lib(lvb_durbin.o),vocpp
CTMRxLib.lib(ctmrx_viterbi.o),vocpp
